Company Name,Company Type,Website
16J Organics,Bath & Bodycare,https://www.16jorganics.com/
25th and June,Nailcare,https://www.25thandjune.com/
27th Street Bakery,Food,https://27thstreetbakery.com/
5 Twelve (V-XII),Accessories,shop5twelve.com
A Luxe Design,Health,http://www.aluxedesign.com/
A Taste of Cakery,Food,https://www.facebook.com/aTasteofCakery/
Aakasha’s Naturals,Health,http://aakashasnaturals.com/
Aaks,Accessories,https://www.aaksonline.com/
Aba Love Apothecary,Skincare,https://www.abaloveapothecary.com/
Abstract Fiber,Textiles,http://www.abstractfiber.com/
Abundance Bakery,Food,https://www.facebook.com/abuncobakery/
AcARRE,Beauty,https://www.acarre.co/
Accented Glory,Accessories,https://www.accentedglory.com/
Adjourn TeaHouse,Coffee & Tea,https://www.adjournteahouse.com/shopadjourntea
Adorned By Chi,Apparel,https://shop.adornedbychi.com/
Adwoa,Beauty,https://adwoabeauty.com/
Aesthetic By Sarah,Health,http://www.aesthetixbysarah.com/
African American College Alliance,Apparel,https://www.aacaApparel.com/search?q=Miskeen&type=product
Afro Product,Skincare,https://www.afroproduct.com/
Air In Candles,Candle,https://www.arynterry.com/airin-candles/
AJ Crimson Beauty,Cosmetics,https://ajcrimson.com/
Alaffia,Bath & Bodycare,https://www.alaffia.com/
Alchemy Bath & Body Shop,Bath & Bodycare,https://www.alchemyBath & Bodyshop.com/
Alexandra Winbush,Candle,https://www.alexandrawinbush.com/
Aminah Abdul Jillil,Footwear,aminahabduljillil.com
Ancient Cosmetics,Cosmetics,https://ancientcosmeticz.com/
Andra Hall Living,Food,https://andrahallliving.com/
Andrea Iyamah,Swimwear,https://www.andreaiyamah.com/collections/swimwear
Angel’s Essence,Beauty,http://www.angelsessence.shop/
Anita Grant,Health,https://anitagrant.com/
Antik Lakay,Candle,https://www.antiklakay.com/shop
Apprenti Organik,Bath & Bodycare,https://apprentiorganik.com/collections/all-products
"Aquarius Herbs & Teas, LLC.",Health,https://www.etsy.com/shop/AquariusHerbsandTeas
Arbria Creations,Beauty,http://arbriacreations.com/
Asa White Designs Coloring Books,Literature,http://www.asawhitedesigns.com/
Ashanti Swimwear,Swimwear,https://www.ashantiswimwear.com/
Ashera Swimwear,Apparel,https://asherahswimwear.com/
Asherah Swimwear,Swimwear,https://asherahswimwear.com/
Asili + Co,Beauty,https://www.etsy.com/shop/AsiliCo
Asymble,Services,http://asymblepa.com/
Aziza Handcrafted,Apparel,https://azizahandcrafted.com/
B Fyne,Swimwear,https://bfyne.com/collections/swimwear
Bariki Bath & Body Care,Beauty,https://barikiBath & Bodycare.com/
Basbaas,Food,https://basbaassauce.com/
Base Butter,Skincare,https://www.basebutter.com/
Base Butter,Skincare,https://www.basebutter.com/collections/all
Basic Butta,Bath & Body,https://basicbutta.square.site/
Basket Treats By Alexis Streets,Food,http://baskettreatsbyalexisstreets.com/index.html
Bassy Collection,Apparel,http://bassycollection.com/
Bath Savvy,Bath & Body,https://www.bathsavvy.com/
Be Transcendent Skin,Skincare,https://betranscendentskin.com/collections
Beads Byaree,Accessories,https://beadsbyaree.com/
Beauty Bakerie Makeup,Cosmetics,https://www.beautybakerie.com/
Beauty by Dr. Kari,Hair,https://www.beautybydrkari.com/
Beija Flor Naturals,Bath & Body,https://www.beijaflornaturals.com/
Bekura,Bath & Bodycare,https://www.bekurabeauty.com/
Bellurelle,Bath & Bodycare,https://bellurelle.com/
Beneath Your Mask,Skincare,https://beneathyourmask.com/
Beneath Your Mask,Skincare,https://beneathyourmask.com/
Bessie and Lovie,Beauty,http://www.bessieandlovie.com/
Bethany E. Photography,Services,http://www.bethanyephotography.com/
Bey Moss,Health,https://beymoss.com/
Big Man Bakes,Food,http://bigmanbakes.com/story.htm
Big Red’s Hot Sauce,Food,https://bigredshotsauce.com/
Black Art Tees,Apparel,https://www.etsy.com/shop/BlackArtTees
Black Girl Sunscreen,Skincare,https://www.blackgirlsunscreen.com/product/black-girl-sunscreen-spf-30/
BlackLux,Apparel,http://blackluxonline.com/
Blending Souls Bath & Body Co.,Skincare,https://blendingsoulsbathBath & Body.com/
Blessed Designs,Apparel,http://blesseddesignsco.com/
BLK & Bold,Food,https://blkandbold.com/
BLK + GRN,Health,https://blkgrn.com/
BLK MKT Vintage,Vintage,https://www.blkmktvintage.com/
Blue Zaria,Services,http://www.bluezaria.com/
Bath & Body And Soul Naturally,Health,https://www.Bath & Bodyandsoulnaturally.com/
Boldbeat Textiles,Decor,https://www.boldbeat-textiles.com/
Bolé Road Textiles,Textiles,https://boleroadtextiles.com/
Bomb'd Aesthetics,Bath & Body,https://www.lovebombd.com/
Booked By Iran,Services,http://www.bookedbyiman.com/
Botanicals Beauty,Beauty,https://www.botanicalsbeauty.com/
Boujee Bohemian Boutique & Candles,Health,http://boujeebohemian.bigcartel.com/
Brandy Loves Beauty,Beauty,http://www.brandylovesbeauty.online/
Breed Love Beauty Co.,Bath & Body,https://breedlovebeautyco.com/
Brie Alexis Beauty,Bath & Body,https://www.shopbriealexisbeauty.com/
Briogeo,Hair,https://briogeohair.com/
Brother Vellie's,Apparel,https://brothervellies.com/
Brown Sugar Bakery,Food,https://www.brownsugarbakerychicago.com/
Browndages,Health,https://browndages.com/
ButHerFly,Beauty,http://www.butherfly.com/
Buttah Skincare,Skincare,https://www.buttahskin.com/
Butter Creamery,Food,https://buttercreamery.com/who-we-are
Buttermilk Boutique,Food,https://www.buttermilkboutique.com/
Buttermilk Drop,Food,http://www.buttermilkdrop.com/
"By Justine, LLC",Hair,https://www.by-justine.com/
By Liana Rae,Art,https://bylianarae.com/
By Ms James,Home Goods,https://www.bymsjames.com/
ByChari,Jewelry,https://bychari.com/
Cajose Natural,Beauty,http://cajosenatural.com/
Cake Bar Dallas,Food,https://www.cakebardallas.com/cakes/
Cake Love,Food,http://cakelove.com/
Cake Mama's Dessert Bar,Food,https://www.facebook.com/Cakemamasdessertbar/
Cakery Square,Food,https://www.cakerysquare.com/
Cakes By Denise's,Food,http://cakesbydenises.com/denises/
Cakes by Lameeka,Food,http://www.cakesbylameeka.com/
Cakes Like Velvet,Food,https://cakeslikevelvet.com/
Calabash Tea & Tonic,Food,http://www.calabashtea.com/
Cali Hndsme,Skincare,https://calihndsme.com/
Callaloo,Food,https://callaloobox.com/
Cami Cakes,Food,https://www.camicakes.com/
Camille Rose,Hair,https://www.camillerose.com/
Candles By Bri,Decor,http://www.candlesbybri.com/
Capital City Co.,Food,https://www.shopcapitalcity.com/
Carmabella Skincare,Beauty,http://www.carmabellaskincare.com/
Chakra Zulu,Home Goods,https://chakrazulucrystals.com/
Charleston Gourmet Burger Co.,Food,https://charlestongourmetburger.com/
Chase The Waist,Apparel,https://teespring.com/stores/chase-the-waist-2?aid=ts-boosted-rt
Chateau Hi,Services,http://www.chateauhi.com/
"Che’ Beautiful, LLC",Beauty,http://chebeautiful.com/
Cherry Blossom Underwear,Underwear/Underwear,cherryblossomUnderwear.com
Chipmunk Chronicles,Apparel,https://chipmunkchronicles.bigcartel.com/
Chocolate Kinks & Kurls,Hair,https://chocolatekinksandkurls.com/
Christie Ann Cruise,Services,http://www.christieanncruise.com/
Christopher’s Dog Treats,Pets,http://theedoggytreat.com/
Cindsational Creation,Beauty,http://www.cindsationalcreation.com/
Cocoacentric,Apparel,https://www.cocoacentric.com/
Cold Laundry,Apparel,https://www.coldlaundrystores.com/
Collective Closets,Apparel,https://collectiveclosets.com.au
Coloring Pins,Accessories,https://www.coloringpins.com/
Complected Skin Co.,Skincare,wix.to/5MASCOA
ConditionHer,Health,http://conditionher.com/
Conjuria,Home Goods,https://www.etsy.com/shop/Conjuria?source=aw&utm_source=affiliate_window&utm_medium=affiliate&utm_campaign=us_location_buyer&utm_term=3657&utm_content=304459&awc=6220_1592865506_371431254120d06265d051100f7aa9cc
Corage LLC,Toys,http://www.coragedolls.com/
Cosmic Cookie Bakery,Food,https://cosmiccookiebakery.com/
Creativa IP Law LLC,Services,https://creativaiplaw.com/
Creative Confections By Nette,Food,https://www.facebook.com/creativeconfectionsbynette/
Creative Life By Ana,Health,http://creativelifebyana.com/
Creator,Health,http://www.shopcreatoronline.com/
Creole Rouge,Beauty,http://www.creolerougebeauty.com/
Creole Secret Therapeutic Aromatherapy,Health,http://www.creolesecretaromatherapy.com/
Crown Candle Co.,Decor,https://www.crowncandleco.com/
Cup of Te,Coffee & Tea,https://cupofte.com/
Cupcake Junkie,Food,http://cupcakejunkiebr.com/
Cupcake Kitchen Houston,Food,https://cupcakekitchenhouston.com/
Cupcakes By Dsignz,Food,https://www.cupcakesbydsignz.com/
Curlbox,Hair,https://curlbox.com/
CurlMix,Hair,curlmix.com
Curtis and Cake,Food,https://www.curtisandcake.com/
CurveEssentials Boutique,Apparel,http://www.curvessentials.com/
Cushnie,Accessories,cushnie.com
Cushnie,Apparel,https://cushnie.com/
Cute & Curly,Beauty,http://www.cuteandcurlyproducts.com/
D'Iyanu,Swimwear,https://www.diyanu.com/collections/mens-swimwear
Danessa Myricks,Cosmetics,https://www.danessamyricksbeauty.com/
Dehiya,Skincare,https://dehiyabeauty.com/
DevelopMe4Me Elite Performance Consulting Company,Services,http://developme4me.com/
Diamond Bird LLC,Beauty,http://www.diamondbirdllc.com/
Dope Coffee,Food,https://www.realdope.coffee/
Dorcas Creates,Art,https://dorcascreates.com/
Draped,Apparel,http://www.shopdraped.com/
Dressed to Kale,Food,https://www.dressedtukale.com/
Eboni's Sweet Creations,Food,https://www.facebook.com/ebonissweetcreations/
Edas,Accessories,https://edas.store/
Eden Bath & Bodyworks,Hair,https://linkin.bio/edenBath & Bodyworks
Educated Lotus,Health,http://www.educatedlotus.com/
Edwards’ Wellness & Skincare Facility,Health,http://www.edwardswellness.com/
Ekua Ceramics,Home Goods,https://www.ekuaceramics.com/shop
Elan Byrd,Apparel,https://www.elanbyrd.com/
Elements of Aliel,Beauty,http://www.elementsofaliel.com/
Elia Vintage,Vintage,https://www.eliavintage.com/
Ellidai,Apparel,http://www.ellidai.com/
Elohvi,Health,http://www.elohvi.com/
Emily's Heirloom Poundcakes,Food,https://www.emilysheirloompoundcakes.com/
Empress Incarnated,Health,http://www.empressincarnated.com/
Emrld Apparel,Apparel,https://emrldApparel.com/
Epara Skincare,Skincare,https://www.eparaskincare.com/
Epi.Logic,Skincare,https://www.brooklynfaceandeye.com/epilogic-skincare
"Equanimity NYC, LLC",Health,https://www.equanimitynyc.com/
Estelle Colored Glass,Home Goods,https://www.estellecoloredglass.com/
Eternally in Amber,Hair,https://www.eternallyinambershop.com/
Eume Rose,Bath & Bodycare,https://www.eumerose.com/
Euphorically Black,Accessories,http://www.euphoricallyblack.com/
Everlasting Love Fulfillment,Services,http://www.have-everlastinglove.com/
Everything Made for You,Bath & Body,https://everythingmadeforyou.com/
Everything That Glitterz,Accessories,http://everythingthatglitterz.biz/
EvyDani Books,Services,http://www.evydanibooks.com/
Excellence Don’t End Now,Apparel,https://excellenceedenmerch.com/
Experience Escape Travel,Services,http://marshacorbett.inteletravel.com/
Exquisite Kreations,Food,http://www.exquisitekreations.com/
Fe Noel,Apparel,https://fenoel.com/collections/daughter-of-the-soil
Fenty Beauty,Cosmetics,https://www.fentybeauty.com/
Fiscalpink,Services,http://www.fiscalpink.com/
Flaunt Bath & Body,Bath & Bodycare,https://flauntBath & Body.com/
Flowers & Moondust,Health,https://www.flowersandmoondust.com/
Fly Bath & Body Fitness,Apparel,https://www.flyBath & Bodyfitness.net/
Food Heaven,Health,https://foodheavenmadeeasy.com/
Foot Nanny,Footwear,footnanny.com
Form Beauty,Beauty,https://formbeauty.com/
Foxie Cosmetics,Cosmetics,https://foxiecosmetics.com/
Free Expressions815,Apparel,http://www.free-expressions.store/
Freedom Apothecary,Health,https://www.freedomapothecary.com/
Frolic and Sage,Candle,https://post21shop.com/pages/seller-profile/frolic__sage
FUBU,Apparel,fubu.com
Gabnic Designs,Home Goods,https://www.etsy.com/shop/GabnicDesigns?source=aw&utm_source=affiliate_window&utm_medium=affiliate&utm_campaign=us_location_buyer&utm_term=3657&utm_content=304459&awc=6220_1592865653_081f08b6650a050a3706e7cfdd567a22
Galerie.LA,Apparel,https://galerie.la/
Garden Secrets Beauty,Beauty,http://www.etsy.com/shop/gardensecretsbeauty
Gardenia's Custom Cakes,Food,https://www.gardeniascustomcakes.com/
Get the Butters Co.,Bath & Body,https://getthebutters.com/
Gilded,Candle,https://gildedBath & Body.com/
GivingMeVibez,Health,http://www.givingmevibez.com/
Glasswing Organics,Beauty,https://www.glasswingorganics.com/
GLH Beauty LLC,Beauty,http://www.glhbeauty.com/
Glimmer U,Skincare,https://www.glimmeru.com/
Glow Candle Bar,Candle,https://glowcandlebar.net/
Golde,Skincare,https://golde.co/
Golden Flourish,Services,http://www.goldenflourish.co/
Gothic Lamb,Apparel,https://gothiclamb.com/password
Grace & Styles Boutique,Accessories,http://www.gracestylesboutique.com/
Green Family Jewels LLC,Apparel,https://greenfamilyjewels.com/
Greene Moments Studio,Health,https://greenemoments.com/
Grey Remedy Shop,Home Goods,https://www.greyremedy.com/shop
Growth Edge Apparel,Apparel,https://linktr.ee/growth_edge
Guidance Whiskey,Food,https://www.guidancewhiskey.com/
Guilt Free Pastries,Food,https://www.guiltfreepastries.com/
Hair Are Us,Hair,https://www.hairareus.com/
Hair Hatty,Hair,https://hairhatty.com/
Hanahana Beauty,Skincare,https://www.hanahanabeauty.com/
Handmade by Kae,Bath & Bodycare,https://www.handmadebykae.com/
Hanifa,Apparel,hanifa.co
Happy Kat Candles & Gifts,Decor,http://happykatcandles.com/
Harlem Candle Co.,Candle,https://www.harlemcandlecompany.com/
Harper & Me INC,Apparel,http://www.harperme.com/
Headdress By Sheri,Accessories,https://headdressbysheri.com/
Heal Haus,Health,https://healhaus.myshopify.com/
Healthy On You,Food,https://www.healthyonyou.com/
Hello Mama Box,Beauty,http://hellomamabox.com/
Hello Wildflowerrr,Home Goods,https://www.etsy.com/shop/HelloWildflowerrr?source=aw&utm_source=affiliate_window&utm_medium=affiliate&utm_campaign=us_location_buyer&utm_term=3657&utm_content=304459&awc=6220_1592865620_092570a60f0d5d0e5aeb6ff674f3b00e
Hellwig By Tikia,Apparel,http://hellwigbytikia.com/
Herbal Gods,Health,https://herbalgods.com/
Heritage Apothecary,Home Goods,https://www.etsy.com/shop/HeritageApothecary?source=aw&utm_source=affiliate_window&utm_medium=affiliate&utm_campaign=us_location_buyer&utm_term=3657&utm_content=304459&awc=6220_1592865359_36f470b5ea0268486058f874ed424462
Honey Butter Bakery,Food,https://www.honeybutterbakery.com/
Honey Dipped Co.,Skincare,https://www.iamhoneydipped.com/
Honey Mami,Skincare,https://honeymami.bigcartel.com/
Hope For Flowers,Apparel,hopeforflowers.com
Horizon Real Estate Solutions,Services,http://www.horizonresolutions.com/
House of Aama,Apparel,https://houseofaama.com/
Hummingbyrd Naturals,Beauty,http://hummingbyrdnaturals.com/
Hyper,Skincare,https://gethyperskin.com/
Iced Gems Baking,Food,http://www.icedgemsbaking.com/
Ifa Can Elements,Home Goods,https://www.etsy.com/shop/Ifacanelements?source=aw&utm_source=affiliate_window&utm_medium=affiliate&utm_campaign=us_location_buyer&utm_term=3657&utm_content=304459&awc=6220_1592865603_b1f1377e9760f0c4e3fa1fe3f2f308c5
Ignite Your Peace,Decor,http://igniteyourpeace.com/
Into The Light LLC,Health,http://intothelightwithkaren.com/
Isidora Akemi LLC,Beauty,http://isidoraakemi.com/
IT Urban Boutique,Accessories,https://www.iturbanboutique.com/
Its All Good Bakery,Food,http://www.itsallgoodbakery.com/home.php
Ivory B.,Accessories,https://www.ivoryb.com/
Ivy’s Tea Co.,Food,http://www.ivystea.com/
Iwi Fresh,Bath & Body,https://www.iwifresh.com/
Iya Foods,Food,https://www.iyafoods.com/
Jamille Textiles,Apparel,http://adiajamille.com/jamilletextiles
JCHIC Style Studio,Apparel,http://www.jchiclife.style/
Jentl,Skincare,jentl.com
Jive Juice,Food,https://jivejuicecompany.com/
Jo's Cupcake Creations,Food,https://www.facebook.com/Joscupcakecreations/
Jobbing With Jas,Apparel,http://www.jobbingwithjas.com/
Joe and Monroe,Candle,https://joeandmonroe.com/
Jones Bar-B-Q,Food,https://www.jonesbbqkc.com/
Judith's Dessert Boutique,Food,http://www.judithsdessertboutique.com/
Just Kweenin,Home Goods,https://www.etsy.com/shop/JustKweenin?source=aw&utm_source=affiliate_window&utm_medium=affiliate&utm_campaign=us_location_buyer&utm_term=3657&utm_content=304459&awc=6220_1592865493_b48b0f11bd6eef7c29c7edebc0821a8e
Just Like Me! Book Box,Literature,http://justlikemebox.com/
Justice of the Pies,Food,https://www.justiceofthepies.com/
K The Other Way,Decor,http://www.ktheotherway.com/
Kaeess Nail Polish,Beauty,http://www.kaeessnailpolish.com/
Kahmune,Footwear,kahmune.com
Kara Hinson,Art,https://www.karahinson.com/
KarynMichelle - Creative Expressions,Accessories,http://www.karynmichelle.com/
Kashmir VIII,Accessories,http://kashmirviii.bigcartel.com/
Keke Reaux,Accessories,https://www.etsy.com/shop/KekeReaux
Kelly U. Fine Art Collection,Decor,http://www.kellyufineart.com/
Kicks n Buckets,Apparel,https://kicksnbuckets.com/
Klur,Health,https://klur.co/collections/shop
KNC Beauty,Skincare,kncbeauty.com
KNC Beauty,Beauty,https://kncbeauty.com/
KNKY Deli + Wandaren Style,Apparel,http://www.knkydeli.com/
Koko D.,Swimwear,http://www.kokodnyc.com/
Kolby Brianne,Apparel,http://www.kolbybrianne.com/
Kupcakerie,Food,https://www.kupcakerie.com/
La Botica,Candle,https://www.laboticanyc.com/
Lait de Coco,Vintage,https://laitdecocostudio.com/
Lalu's Roots N Conjure,Home Goods,https://www.etsy.com/shop/LalusRootsNConjure?source=aw&utm_source=affiliate_window&utm_medium=affiliate&utm_campaign=us_location_buyer&utm_term=3657&utm_content=304459&awc=6220_1592865544_4faa6239bb77885ce3d6b49421ef9e4c
Lauren Napier Beauty,Skincare,https://www.laurennapier.com/
Law Beauty Essentials,Beauty,https://www.lawbeautyessentials.com/
Leaves of Magic,Health,http://www.naturalbyafrica.com/
Lee Lee's Rugelach,Food,https://www.leeleesrugelach.com/
Lemlem,Apparel,https://www.lemlem.com/
LevanaNINE,Health,http://www.levananine.com/
Liha Beauty,Bath & Bodycare,https://lihabeauty.com/
Lingua Nigra,Apparel,https://linguanigra.com/
Linoto,Home Goods,https://www.linoto.com/
LipVoyage,Beauty,http://www.lipvoyage.com/
Lissa Beauty Kollection,Skincare,https://www.lissabeautykollection.co/
Lit Brooklyn,Candle,https://www.litbklyn.co/
LITerate Minds,Literature,https://www.literatemindsread.com/
Little Crystal Galaxy,Home Goods,https://www.etsy.com/shop/LittleCrystalGalaxy?source=aw&utm_source=affiliate_window&utm_medium=affiliate&utm_campaign=us_location_buyer&utm_term=3657&utm_content=304459&awc=6220_1592865689_62664bf81e6d6ea073f73ed018c7a904
Local European,Apparel,https://localeuropean.com/
Local European,Apparel/Accessories,https://localeuropean.com/
Local Green,Food,http://www.localgreenatlanta.com/
Lolly Lolly Ceramics,Home Goods,https://lolly-lolly.com/
Lou the French on the Block,Food,https://www.louthefrenchontheblock.com/
Love on 26 LLC,Health,http://www.loveon26.com/
"Love, Vara",Underwear,https://www.lovevera.com/
Lovestruck Whipped Bath & Body Butters,Health,http://lovestruckwhippedvodybutters.com/
Luna & Lumi,Home Goods,https://www.etsy.com/shop/LunaLumi?ref=simple-shop-header-name&listing_id=810869641
Lust for Nails,Nailcare,https://lustfornails.com/
Luxe by Lay’na,Beauty,http://www.luxebylayna.com/
Lynda Lou,Apparel,https://www.lyndalouboutique.com/
Magnolia Lush,Bath & Body,https://www.magnolialush.com/
Mahnal,Accessories,https://mahnal.com/
Maison Noir Wines,Food,https://maisonnoirwines.com/
Make My Cake,Food,http://www.makemycake.com/
Malaika Apparel,Apparel,https://www.malaikaapparel.com/shop
Marjorie's Beef Jerky,Food,http://www.marjoriesbeefjerky.com/
Mary Louise Cosmetics,Cosmetics,https://www.mymarylouise.com/
Mary Plans Vacation,Services,http://www.maryplansvacation.com/
Mateo New York,Jewelry,mateonewyork.com
Mayvenn,Hair,https://shop.mayvenn.com/
McBride Sisters Wine Collection,Food,https://www.mcbridesisters.com/
Me & the Bees Lemonade,Food,https://www.meandthebees.com/
Melanation,Apparel,https://www.melanation.org/shop/
Melanie Marie,Jewelry,https://jewelry.melaniemarie.com/
Mented Cosmetics,Cosmetics,https://www.mentedcosmetics.com/
MFAD Creative Group LLC,Services,http://www.management4aday.com/
Midnite Confection,Food,http://www.midniteconfection.com/
Mielle Organics,Hair,https://mielleorganics.com/
Milestone Events & Celebrations,Services,http://www.mymilestoneevents.com/
Mint Swim,Swimwear,https://www.mint-swim.com/
Molten Consulting Group,Services,http://www.motenconsultinggroup.com/
Monie Naturals,Bath & Body,https://moniesquared.bigcartel.com/
Montys Neighborhood Snacks,Food,https://www.facebook.com/MontysNeighborhoodsnacks/
Moon Cosmetics,Cosmetics,https://shopmoonxcosmetics.com/
Motherland Essentials,Bath & Body,https://www.motherlandessentials.com/collections/all
Movita Organics,Health,https://www.movitaorganics.com/
Mrs Jacks Bath & Body Food,Health,http://www.mrsjackssBath & Bodyfoods.com/
Mutha Magick Apothecary,Home Goods,https://www.muthamagickapothecary.com/
My Beautiful Fluff,Apparel,http://mybeautifulfluff.com/shop
My Melanin Fits,Accessories,http://mymelaninfits.com/
My Sunday 2 Sunday,Hair,https://mysunday2sunday.com/
Myavana,Hair,myavana.com
Myavana,Hair,https://www.myavana.com/
MySampleHAUS,Decor,https://www.mysamplehaus.com/
Mystic Momma,Health,https://www.mysticmomma.net/
Na’Toria Marketing & Design Solutions,Services,http://www.natoria.co/
Naked Flamingo,Skincare,http://nakedflamingoskin.com/
Nakimuli,Swimwear,https://www.nakimuli.com/
Nana Catherine’s Apothecary,Health,https://nanacatherinesapothecary.com/
Nana's Girls Squared,Home Goods,https://www.etsy.com/shop/NanasGirlsSquared?source=aw&utm_source=affiliate_window&utm_medium=affiliate&utm_campaign=us_location_buyer&utm_term=3657&utm_content=304459&awc=6220_1592865568_d403d442e7320cc786aab5bdcb71d037
Nappily Naturals,Bath & Body,https://nappilynaturals.com/
Natural Cuties,Beauty,http://www.iamanaturalcutie.com/
Natural Jewels,Beauty,http://www.shopnaturaljewels.com/
Naturally Made With Love,Beauty,https://naturallymadewithlove.org/
Natures Pleasantries LLC,Health,http://naturespleasantries.com/
Newdii,Jewelry,https://www.etsy.com/shop/NewdiiCrystals
Ni’kita Wilson Beauty Chemist,Beauty,http://www.nikitawilsonbeauty.com/
Nigel's Jamaican Almond Oil,Bath & Body,https://jamaicanalmondworld.com/
Nine Beauty,Skincare,https://linktr.ee/nine__beauty
Nola Skinsentials,Bath & Body,https://www.nolaskinsentials.com/
Not Boney LLC,Apparel,http://www.not-boney.com/
Nroda,Eyewear,https://nroda.com/
Nubian Skin,Underwear,https://us.nubianskin.com/
Nudies,Underwear,https://nudies.shop/
NuEssence,Skincare,https://msha.ke/nuessence__/
Nur Ceramics,Home Goods,http://www.nurceramics.com/
NXC Vintage Shop,Vintage,https://www.nxcvintageshop.com/
Ofurre,Swimwear,https://ofuure.com/collections/swimwear
Okiki,Cosmetics,https://www.okikiskincare.co.uk/
OliviaReese,Apparel,http://www.oliviareeseApparel.com/
OMA the Label,Accessories,https://www.omathelabel.com/
Omi Woods,Jewelry,https://omiwoods.com/
"On The Go Photo, LLC",Services,http://onthegophototn.com/
OOO Polish,Beauty,http://www.ooopolish.com/
Organic Bath Co.,Bath & Bodycare,https://www.organicbath.co/
Organic Grow Hair Co.,Hair,https://organigrowhairco.com/
Oui the People,Bath & Bodycare,https://www.ouithepeople.com/
"Our Legacy Press, LLC",Services,http://ourlegacipress.com/
Pat McGrath,Beauty,https://www.patmcgrath.com/pages/divine-rose-collection
Pat McGrath Labs,Cosmetics,https://www.patmcgrath.com/
Pattern Beauty,Hair,https://patternbeauty.com/
Peak and Valley Co.,Health,https://peakandvalley.co/
Pear Nova,Nailcare,https://pearnova.com/
Pear Nova,Beauty,https://pearnova.com/gel
Penthouse Sweets,Food,https://penthousesweetschicago.com/
Perfect Blue Alchemy,Beauty,http://www.perfectbluealchemy.com/
Petssi Pies,Food,https://Petssipies.com/
Petsty Butter Inc.,Bath & Body,https://linktr.ee/Petstybutter
Phoenix InPhusions,Bath & Body,https://webuyblack.com/phoenix-inphusions
Photosnaps by Kris B,Photography,https://www.photosnapsbykrisb.com/online-store
Pietisserie,Food,https://www.pietisserie.com/
Pinckney Cookie Cafe,Food,https://lovethesecookies.com/
Pink Cupcakes,Food,http://www.natspinkcupcakes.com/
Piscean Spirituality,Home Goods,https://www.etsy.com/shop/PisceanSpirituality?source=aw&utm_source=affiliate_window&utm_medium=affiliate&utm_campaign=us_location_buyer&utm_term=3657&utm_content=304459&awc=6220_1592865454_fcf214fe9361b84c64e4ee38f97bb9d1
PLANT Apothecary,Beauty,https://plantapothecary.com/
Plant Based Jeff,Health,https://plantbasedjeff.com/?ref=m1bwwqcvfsj
Pollymetics,Skincare,https://www.pollymetics.com/
Pot Twist Ceramics,Decor,http://pottwistceramics.com/
Pottery by Osa,Home Goods,https://www.etsy.com/shop/potterybyosa/
Precision Plus,Services,http://www.precisionplus.co/
Predominantly Black,Candle,https://www.predominantlyblack.com/collections/all
Pretty Babes Cosmetics,Cosmetics,https://www.prettybabescosmetics.com/
Pretty Honest Shop,Candle,https://www.prettyhonestshop.com/
Pretty Mushroom,Health,https://prettymushroom.com/
Pretty Write,Services,http://www.instagram.com/prettywrite_llc
"Principle, LLC",Apparel,https://oneprincple.com/
Project Pop,Food,https://www.eatprojectpop.com/
Propa Beauty,Beauty,https://www.propabeauty.com/
Pur Home,Health,http://www.pur-home.com/
Pyer Moss,Apparel,pyermoss.com
Queentopia Beauty,Bath & Body,https://queentopiabeauty.myshopify.com/
Radhi Skin,Beauty,https://radhiskin.com/
Rain + Sky Home Decor,Decor,https://www.rainskyhome.com/
Raw Goodness LLC,Beauty,http://rawgoodness.org/
Real Chicks Rock!,Services,http://www.realchicksrock.com/
Red Bay Coffee,Food,https://www.redbaycoffee.com/
Red Dirt,Beauty,http://reddirthandmade.com/
Redoux,Bath & Bodycare,https://redoux.nyc/
Relaunch in Color,Nailcare,https://www.relaunchincolor.com/relaunchnailpolish
Relax,Beauty,https://relaxspaandbeauty.com/products/
Retro Rhapsody,Vintage,https://www.etsy.com/shop/RetroRhapsody
Riot Swim,Swimwear,https://www.riotswim.com/
Roseman's Remedies,Bath & Body,https://www.rosemansremedies.com/shop-1
Rosen,Skincare,https://www.rosenskincare.com/
"Royal Fitness, LLC",Health,https://www.royaltfitness.com/
Royal House of Wraps,Accessories,https://www.royalhouseofwraps.com/
RPF Organics,Food,https://www.etsy.com/shop/rpforganics
Rucker Roots,Hair,https://ruckerroots.com/
Rue 107,Apparel,https://rue107.com/
Rutse,Skincare,https://www.rutseonline.com/
Sadiddy Hippie,Beauty,http://www.sadiddyhippie.com/
Salone Monet,Footwear,https://www.salonemonet.com/
Samantha Rei,Accessories,https://samantharei.com/shop/
Samara Bags,Apparel,https://samarabags.com/
Sankofa Beer Company,Food,https://www.sankofabeer.com/
Santoki Healing,Health,https://santokihealing.setmore.com/
Sassy Cre8s,Apparel,https://www.etsy.com/shop/SASSYCRE8S
SavageChic,Apparel,http://www.thesavagechic.com/
Scents By Jasmine Limited Co.,Decor,http://www.scentsbyjasmine.com/
Scrubtious,Home Goods,https://www.etsy.com/shop/ScrubtiousInc?source=aw&utm_source=affiliate_window&utm_medium=affiliate&utm_campaign=us_location_buyer&utm_term=3657&utm_content=304459&awc=6220_1592865520_3ca4248253c83d6e33a73bedc9296db1
Seventh and Oak,Candle,https://www.seventhandoak.com/shop
Shawnee's Goodies,Food,https://www.shawneesgoodies.com/about
Shea Shea Bakery,Bath & Body,https://sheamakery.com/collections/all
Sista Teas,Food,https://sistateas.com/
Skin by Nequai,Skincare,https://www.skinbynequai.com/
Skin Cabinet,Beauty,http://www.skincabinet.com/
Skin Rituals Shop,Home Goods,https://www.etsy.com/shop/skinritualsshop?source=aw&utm_source=affiliate_window&utm_medium=affiliate&utm_campaign=us_location_buyer&utm_term=3657&utm_content=304459&awc=6220_1592865433_87647b1805d90d541710de90ed8df521
Skinbuttr,Bath & Bodycare,https://skinbuttr.com/
Smell Good Spa,Beauty,smellgoodspa.com
So Be It,Decor,http://sobeitshop.com/
Soap Junkii,Bath & Body,https://soapjunkii.com/
Sol Cacao,Food,https://www.solcacao.com/
Soul Balm Sisters,Skincare,https://smart.bio/soulbalmsisters/
Southern Culture,Food,https://socukitchen.com/
Southern Elegance Candle Co.,Candle,https://www.secandleco.com/
Southern Souffle,Food,http://www.southernsouffle.com/about
"Sow Grow Beautiful Flowers, LLC",Decor,http://www.sowgrowbeautifulflowers.com/p/about.html
Spiced Sugah,Health,https://www.spicedsugah.com/shop
Spoiled Boutique,Apparel,https://thespoiledboutique.com/
Statements By Habibi,Accessories,http://www.statementsbyhabibi.com/
Sticks and Stones Tees & More,Apparel,http://sticksandstonest4u.com/
Still Me…Even Better,Health,https://iamstillmeevenbetter.com/
Sublime Doughnuts,Food,http://www.sublimedoughnuts.com/
Sugar Jam Cookies,Food,https://www.sugarjamcookies.com/
Sugar Vault Desserts,Food,https://www.sugarvaultdesserts.com/
SugarRush,Beauty,http://sugarushbbe.bigcartel.com/
Summer Jean & Co.,Skincare,https://www.summerjean.co/
Summer Orchid,Decor,http://www.summerorchidcrafts.com/
Sunflowers & Honeycombs,Home Goods,https://www.etsy.com/shop/sunflowershoneycombs/?source=aw&utm_source=affiliate_window&utm_medium=affiliate&utm_campaign=us_location_buyer&utm_term=3657&utm_content=304459&awc=6220_1592865323_8fa1f40baeae303a85c60078a6e0cb29
Support Black Colleges,Apparel,https://supportblackcolleges.org/
Swank Blue,Apparel,https://swankblue.com/
Sweet Lobby,Food,http://www.sweetlobby.com/
Sweetart,Food,https://sweetartstl.com/
Sweetscapes,Food,http://www.sweet-scapes.com/
Sydney Starr Travel,Services,http://www.sydneystarrtravel.com/
Sydney's Sweets,Food,https://www.sydneyssweets.com/
Symphony Potato Chips,Food,https://symphonychips.com/
Taliah Waajid,Hair,https://naturalhair.org/
Tame Your Mane Beauty Supply,Beauty,http://www.tameyourmanes.com/
Taupe Coat,Beauty,https://taupecoat.com/
Tees By Tahquetta,Apparel,http://www.teesbytahquetta.com/
Telfar,Accessories,telfar.com
Temi,Skincare,https://www.essentialsbytemi.com/
Temple Zen,Skincare,https://yourtemplezen.com/pages/our-method
Ten & Lee Swimwear Ltd,Swimwear,https://tenandlee.com/password
Ten to One Rum,Food,https://www.tentoonerum.com/
Terra-tory,Bath & Bodycare,https://www.terra-tory.com/about
That's Chelsea,Health,https://society6.com/thatschelsea
The Bakers Delight,Food,https://www.facebook.com/TheBakersDelightTX/
The Bark Shoppe,Pets,https://www.thebarkshoppe.com/
The Black Leaf Tea and Culture Shop,Food,http://www.theblackleaftea.com/
The College Application Specialist,Services,http://thecollegeappspecialist.com/
The Culturist Union,Services,http://www.theculturistunion.com/
The Cupcake Collection,Food,https://www.thecupcakecollection.com/
The Cut Buddy,Hair,thecutbuddy.com
The Diary of She,Apparel,https://www.thediaryofshe.com/
The Editorial Nail,Nailcare,https://theeditorialnail.com/shop-ten/
The Folklore,Apparel,shopthefolklore.com
The Furlough Cheesecake,Food,https://thefurloughcheesecake.com/
The Gem Palette,Jewelry,https://thegempalette.co/collections/shop-all
The Glossy Boutique,Cosmetics,https://theglossyboutique.wixsite.com/letsgetglossy
The Green Laundress,Health,http://www.thegreenlaundress.com/
The Honey Pot,Feminine Care,thehoneypot.co
The Hood Witch,Home Goods,http://www.thehoodwitch.com/
The International Tea Emporium,Food,http://mywinetea.com/
The Juice Boxx,Skincare,https://thejuiceeboxx.com/
The Koop,Candle,https://thekoopnewyork.com/
The Land of Bekagage,Health,http://www.thelandofbekagage.com/
The Lip Bar,Cosmetics,https://www.thelipbar.com/
The Mane Choice,Hair,https://themanechoice.com/
The Melanin Brand,Apparel,http://themelaninbrand.com/
The Mouthy Heart,Apparel,http://www.themouthyheart.com/
The Precious Home,Decor,http://www.theprecioushome.com/
The Ratchet Revolutionary,Petss,https://www.kittysenergy.org/doggy-bag
The Rustic Art,Food,https://www.facebook.com/TheRusticTart/
The Sixes,Apparel,thesixes.com
The Spice Suite,Food,https://www.thespicesuite.com/
The Sweetest Thing Bakeshop,Food,http://www.thesweetestthingbakeshop.com/
The Twentea Company,Food,http://www.thetwenteacompany.com/
The Wax Project,Apparel,https://thewaxproject.com/
The Wrap Life,Headwear,thewrap.life
The Zen Company,Home Goods,https://www.etsy.com/shop/TheZenCompany?source=aw&utm_source=affiliate_window&utm_medium=affiliate&utm_campaign=us_location_buyer&utm_term=3657&utm_content=304459&awc=6220_1592865669_fe57962fdf7ec05dff5e07cdc9d4fd2f
Theopolis Vineyards,Food,https://www.theopolisvineyards.com/
Therapy Topia,Services,https://therapytopia.com/
These Pink Lips,Swimwear,https://thesepinklips.com/collections/swimwear
Third Eye Soap Store,Bath & Body,https://www.etsy.com/shop/ThirdEyeSoapStore
Tionne Skin,Skincare,https://www.tionneskin.com/
"TLJ Professional Services, INC",Services,http://www.tljprofessionalservices.com/
Touched By Grace Bath & Bodycare,Skincare,https://linktr.ee/touchedbygraceBath & Bodycare
Tranquility’s Designs,Accessories,http://www.shoptranquility5.com/
Transform With Nadia,Health,http://transformwithnadia.com/
Treats by Bernadette,Food,https://www.treatsbybernadette.com/
Tree Fairfax,Accessories,https://treefairfax.com/shop
Tuesday Melody,Apparel,http://tuesdaymelody.square.site/
Two Days Off,Apparel,https://www.twodaysoff.com/
Two Dough Girls,Food,http://www.twodoughgirls.com/
Ultra Violet,Accessories,https://ultraviolet.nyc/
Uncle Nearest Tennessee Whiskey,Food,https://unclenearest.com/
Unlax Candles,Candle,https://unlaxcandles.com/
Unwrp,Paper,unwrp.com
Uoma Beauty,Cosmetics,https://uomabeauty.com/
Uprising Muffins,Food,https://uprisingmuffins.com/
Urembo Asili,Beauty,https://uremboasili.com/
Valerie Madison,Apparel,https://www.valeriemadison.com/
Vibrant Health,Health,vibranthealth.com
Warcloud Brewing,Food,http://warcloudbrewing.com/
Welstand Boutique,Beauty,http://www.welstandboutique.com/
Whimsical Fusions,Beauty,http://whimsicalfusions.com/
WhitneyManney Fashion & Textiles,Apparel,https://www.whitneymanney.com/
Wholesome Organics,Health,https://whorganics.com/
Wrap Life,Hair,https://thewrap.life/
Xhale Swim,Swimwear,https://xhaleswim.com/
Yasmine Cheyenne,Apparel,https://yasminecheyenne.com/shop/
Yolélé Foods,Food,https://yolelefoods.com/
Zach and Zoe,Food,https://zachandzoe.co/
Zaria’s Milk,Services,http://zariasmilk.com/
Zaric Fair Trade,Accessories,http://zaricfairtrade.com/
Zeni Ardenys,Bath & Bodycare,https://zeniardenys.com/
Zou Xou,Apparel,https://www.zouxou.com/